Wind Speed [m/s],Power [kW],Cp [-]
3,0,0
4,720,0.406007508
5,1239,0.357719682
6,2271,0.379441585
7,3817,0.401614683
8,5876,0.414184048
9,8450,0.418322017
10,11536,0.416329121
11,15000,0.406719267
12,15000,0.313277398
13,15000,0.246401158
14,15000,0.19728256
15,15000,0.160398028
16,15000,0.132163902
17,15000,0.110185903
18,15000,0.092822933
19,15000,0.078924529
20,15000,0.067667918
21,15000,0.058454092
22,15000,0.050839908
23,15000,0.044492754
24,15000,0.039159675
25,15000,0.034645974
